{
    "rmse": 234923.30710594266,
    "r2_score": 0.773764348467154
}